shape,method,reps,successes,reliability,ci_lo,ci_hi,mean_cov,q05_cov,width
normal,noisy_threshold,2000,2000,1.0,0.998157260206594,1.0,0.984388690644714,0.9657526412066008,4.9640261029091475
normal,corollary2,2000,2000,1.0,0.998157260206594,1.0,0.9830075161830331,0.9630116849675037,4.900274867551876
normal,markov_k107,2000,2000,1.0,0.998157260206594,1.0,0.9953984151708105,0.9863401496175411,5.942423011893124
laplace,noisy_threshold,2000,2000,1.0,0.998157260206594,1.0,0.9710576754991308,0.9483301935441298,5.138553607098879
laplace,corollary2,2000,2000,1.0,0.998157260206594,1.0,0.9697300452045904,0.9461273921446671,5.075158125996745
laplace,markov_k107,2000,2000,1.0,0.998157260206594,1.0,0.9863975742845207,0.9715371766516482,6.321983489452923
gamma2_skew,noisy_threshold,2000,2000,1.0,0.998157260206594,1.0,0.9724412308019715,0.9558309065028415,4.98637169548976
gamma2_skew,corollary2,2000,2000,1.0,0.998157260206594,1.0,0.9713780170744896,0.954209868964446,4.922736239920898
gamma2_skew,markov_k107,2000,2000,1.0,0.998157260206594,1.0,0.9855790720620348,0.9719759293580931,6.178981737754384
trunc_laplace,noisy_threshold,2000,2000,1.0,0.998157260206594,1.0,0.9858737372465441,0.9546769069422589,4.9726226811086205
trunc_laplace,corollary2,2000,2000,1.0,0.998157260206594,1.0,0.9836923263652891,0.9504870023174004,4.908920729908877
trunc_laplace,markov_k107,2000,2000,1.0,0.998157260206594,1.0,0.9984678174549948,0.9885206083841983,5.930423270536876
trunc_exp,noisy_threshold,2000,2000,1.0,0.998157260206594,1.0,0.9690429254975716,0.9477248670850246,5.099020255052831
trunc_exp,corollary2,2000,2000,1.0,0.998157260206594,1.0,0.9677065515195561,0.945945068616226,5.035246470081945
trunc_exp,markov_k107,2000,2000,1.0,0.998157260206594,1.0,0.9869861421069442,0.9686804538986297,6.243324445112161
bimodal_blc,noisy_threshold,2000,2000,1.0,0.998157260206594,1.0,0.9921846117548264,0.977979369354313,4.825825478328326
bimodal_blc,corollary2,2000,2000,1.0,0.998157260206594,1.0,0.9911355119677415,0.9754137239182828,4.7625798966732855
bimodal_blc,markov_k107,2000,2000,1.0,0.998157260206594,1.0,0.9984935769542072,0.9941356381094674,5.766250036713074
t3_not_LC,noisy_threshold,2000,2000,1.0,0.998157260206594,1.0,0.9725412268564897,0.9555523055653378,4.789380933947934
t3_not_LC,corollary2,2000,2000,1.0,0.998157260206594,1.0,0.9715161655939712,0.9537292092480474,4.725803839187294
t3_not_LC,markov_k107,2000,2000,1.0,0.998157260206594,1.0,0.9842902483810638,0.9714647077972338,6.013108924463944
