shape,method,reps,mean_cov,reliability,width
bimodal_blc,CP_PAC,150,0.9931526298877726,1.0,4.869637158245374
bimodal_blc,FH_PAC,150,0.9670840644557397,1.0,4.013203151807563
bimodal_blc,HetLDC_cert,150,0.9798259287758505,0.9933333333333333,4.350959347998526
bimodal_blc,noisy_threshold,150,0.9931526298877726,1.0,4.869637158245374
bimodal_blc,shape_free_k107,150,0.9988155357088725,1.0,5.76725660255774
bimodal_blc,simple_shrink,150,0.9922205609937181,1.0,4.8066449142513
gamma2_skew,CP_PAC,150,0.9718079716522787,1.0,4.966693518123573
gamma2_skew,FH_PAC,150,0.9497930993903009,1.0,3.954129075088663
gamma2_skew,HetLDC_cert,150,0.9609334686389819,1.0,4.447237351916468
gamma2_skew,cohen,150,0.3224742521579735,0.0,0.8435036885301792
gamma2_skew,cohen_stable,150,0.9033249187223714,0.6666666666666666,3.114570355196847
gamma2_skew,latentcp,150,0.9758882644989588,1.0,5.242219223032082
gamma2_skew,latentcp_multi,150,0.9752008145437202,1.0,5.572604437592913
gamma2_skew,latentcp_pac,150,0.9901377829020983,1.0,7.04135277859404
gamma2_skew,latentcp_tuned,150,0.9764137175495027,1.0,5.5676254854334175
gamma2_skew,noisy_threshold,150,0.9718079716522787,1.0,4.966693518123573
gamma2_skew,shape_free_k107,150,0.9850584721823289,1.0,6.155001049002627
gamma2_skew,simple_shrink,150,0.9707242106515831,1.0,4.902822682367677
laplace,CP_PAC,150,0.9712185563757051,1.0,5.1494410281587895
laplace,FH_PAC,150,0.9347936054709057,0.9266666666666666,3.9552397735528455
laplace,HetLDC_cert,150,0.958278914124405,0.9866666666666667,4.661187465831467
laplace,cohen,150,0.43638188996539723,0.0,0.8144345793319203
laplace,cohen_stable,150,0.8958844794472796,0.5866666666666667,3.3804345793319213
laplace,latentcp,150,0.976359008929459,1.0,5.433890746950479
laplace,latentcp_multi,150,0.9758638759733778,0.9933333333333333,5.800208497965357
laplace,latentcp_pac,150,0.9907293569501655,1.0,6.931918774236421
laplace,latentcp_tuned,150,0.9756818227405978,1.0,5.664846856523856
laplace,noisy_threshold,150,0.9712185563757051,1.0,5.1494410281587895
laplace,shape_free_k107,150,0.9864468182718178,1.0,6.288832907519383
laplace,simple_shrink,150,0.9698993001981965,1.0,5.085416600143016
normal,CP_PAC,150,0.9838749626278898,1.0,4.962765050126596
normal,FH_PAC,150,0.9453415568059556,0.96,3.9302535532427925
normal,HetLDC_cert,150,0.967359141589685,0.98,4.448262960150393
normal,cohen,150,0.32621214809589305,0.0,0.8429275930584008
normal,cohen_stable,150,0.8958858106187635,0.5533333333333333,3.4087942597250684
normal,latentcp,150,0.9880433420252873,1.0,5.194100171277465
normal,latentcp_multi,150,0.9788449190925284,0.98,5.136853868407108
normal,latentcp_pac,150,0.9964327193420415,1.0,6.166212510382131
normal,latentcp_tuned,150,0.9784041978865287,0.9666666666666667,5.219012927523669
normal,noisy_threshold,150,0.9838749626278898,1.0,4.962765050126596
normal,shape_free_k107,150,0.9950957933195647,1.0,5.921838829162381
normal,simple_shrink,150,0.9824312450234286,1.0,4.898336036685841
t3_not_LC,CP_PAC,150,0.9706969615417722,1.0,4.659280547558147
t3_not_LC,FH_PAC,150,0.9466176034805102,0.9733333333333334,3.8006843058652504
t3_not_LC,HetLDC_cert,150,0.9571153876492334,0.98,4.094031721519775
t3_not_LC,noisy_threshold,150,0.9706969615417722,1.0,4.659280547558147
t3_not_LC,shape_free_k107,150,0.9818710257077006,1.0,5.69544447735479
t3_not_LC,simple_shrink,150,0.9695980261959767,1.0,4.596182330052766
trunc_exp,CP_PAC,150,0.9680880652611707,1.0,5.057092401181248
trunc_exp,FH_PAC,150,0.936756135390514,0.9466666666666667,3.9324540430748023
trunc_exp,HetLDC_cert,150,0.9555876986639652,1.0,4.551330383256796
trunc_exp,noisy_threshold,150,0.9680880652611707,1.0,5.057092401181248
trunc_exp,shape_free_k107,150,0.9858125928753452,1.0,6.169938032200126
trunc_exp,simple_shrink,150,0.9667220978216454,1.0,4.993433988209967
trunc_laplace,CP_PAC,150,0.9842199646597262,1.0,4.931373193819271
trunc_laplace,FH_PAC,150,0.9274604706647009,0.8466666666666667,3.892007566723075
trunc_laplace,HetLDC_cert,150,0.9595038554962798,0.9666666666666667,4.41709286267084
trunc_laplace,cohen,150,0.3792497765036758,0.0,0.8405882851418985
trunc_laplace,cohen_stable,150,0.8839712043299274,0.44666666666666666,3.4525882851418994
trunc_laplace,latentcp,150,0.9897363330777057,1.0,5.128737185792413
trunc_laplace,latentcp_multi,150,0.9780031544186116,0.9666666666666667,5.105923871199549
trunc_laplace,latentcp_pac,150,0.9993753709105105,1.0,6.231860976320677
trunc_laplace,latentcp_tuned,150,0.9790035664257676,0.98,5.203784989056846
trunc_laplace,noisy_threshold,150,0.9842199646597262,1.0,4.931373193819271
trunc_laplace,shape_free_k107,150,0.9979331711489595,1.0,5.8898078108008045
trunc_laplace,simple_shrink,150,0.9818873233643851,1.0,4.8677526395529584
