K,rule,rank,reliability
30,marginal,28,0.5829437218087732
30,usual,30,0.956460399375543
30,certified,30,0.956460399375543
36,marginal,34,0.706790870566166
36,usual,36,0.9767372352243099
36,certified,36,0.9767372352243099
43,marginal,40,0.6286688593834093
43,usual,43,0.9888038760225834
43,certified,43,0.9888038760225834
51,marginal,47,0.579457291595854
51,usual,50,0.9678846997851901
51,certified,50,0.9678846997851901
61,marginal,56,0.5712848829676773
61,usual,59,0.948925339875756
61,certified,60,0.9868213761127896
73,marginal,67,0.594982157060823
73,usual,71,0.9800584004129056
73,certified,71,0.9800584004129056
87,marginal,80,0.6419022766164637
87,usual,84,0.9776992706219777
87,certified,84,0.9776992706219777
103,marginal,94,0.5767905191708935
103,usual,98,0.9494844644761435
103,certified,99,0.979573629361514
110,marginal,100,0.5353001133271185
110,usual,105,0.9672600220732706
110,certified,105,0.9672600220732706
123,marginal,112,0.5683361846130308
123,usual,117,0.96605663601723
123,certified,117,0.96605663601723
147,marginal,134,0.604164220314908
147,usual,139,0.9612314453305982
147,certified,139,0.9612314453305982
175,marginal,159,0.5732275387714413
175,usual,165,0.9657093614562152
175,certified,165,0.9657093614562152
209,marginal,189,0.5090418922206772
209,usual,196,0.9592937128927447
209,certified,196,0.9592937128927447
249,marginal,225,0.5055768102008628
249,usual,233,0.9647229673226922
249,certified,233,0.9647229673226922
298,marginal,270,0.5716191877503896
298,usual,277,0.9459026498031916
298,certified,278,0.9656624534680396
355,marginal,321,0.541199207638182
355,usual,330,0.9624689247594411
355,certified,330,0.9624689247594411
424,marginal,383,0.5276237203983467
424,usual,393,0.9611723653020373
424,certified,393,0.9611723653020373
505,marginal,456,0.5273926644495494
505,usual,466,0.946395995429776
505,certified,467,0.9617276220447698
603,marginal,544,0.5099136608324053
603,usual,556,0.9568397613653873
603,certified,556,0.9568397613653873
719,marginal,648,0.48454719797883067
719,usual,661,0.9483179015375103
719,certified,662,0.9609099970620651
858,marginal,774,0.521780554889776
858,usual,787,0.9427602753718912
858,certified,788,0.9553257339694644
1000,marginal,901,0.48161264892826605
1000,usual,916,0.9425751768649435
1000,certified,917,0.9542814323829923
1024,marginal,923,0.4976925324501697
1024,usual,938,0.9450886023331628
1024,certified,939,0.9562548433870522
1222,marginal,1101,0.48419938332093815
1222,usual,1118,0.9475629762624475
1222,certified,1119,0.9574462062302299
1458,marginal,1314,0.4998788502800391
1458,usual,1332,0.9460397432169777
1458,certified,1333,0.9553271085189629
1739,marginal,1566,0.4639536119548412
1739,usual,1586,0.9381908865556712
1739,certified,1588,0.9560097595079253
2075,marginal,1869,0.4766329305034686
2075,usual,1891,0.9431781543930735
2075,certified,1893,0.9585383958460665
2475,marginal,2229,0.4700195984111597
2475,usual,2253,0.940716244069463
2475,certified,2255,0.9553830565814904
2953,marginal,2659,0.45829074047634333
2953,usual,2685,0.9351019078348363
2953,certified,2688,0.9558763541761273
3523,marginal,3172,0.4515924619972792
3523,usual,3201,0.9370663743987214
3523,certified,3204,0.9558084189962186
4203,marginal,3784,0.4445338844787976
4203,usual,3815,0.9299195080487662
4203,certified,3820,0.9589952141040159
5015,marginal,4515,0.4407760142536805
5015,usual,4549,0.9293256194119901
5015,certified,4554,0.9565423176078682
5983,marginal,5386,0.4291264654300805
5983,usual,5424,0.9302185433885655
5983,certified,5429,0.9552238753076914
7138,marginal,6426,0.4284188164641239
7138,usual,6467,0.9270457907826081
7138,certified,6474,0.9587291919934721
8515,marginal,7665,0.4144823240781614
8515,usual,7710,0.9229278111623506
8515,certified,7718,0.9572479336288787
10000,marginal,9001,0.3990357460196545
10000,usual,9050,0.9180063232612997
10000,certified,9060,0.9582831652586495
10159,marginal,9144,0.39690206328525846
10159,usual,9194,0.9202380083194427
10159,certified,9204,0.9593618362270981
12121,marginal,10910,0.3893568146761474
12121,usual,10964,0.9142091590095998
12121,certified,10976,0.9587589233858487
14461,marginal,13016,0.37850038665758723
14461,usual,13075,0.9095876576932088
14461,certified,13089,0.958382434264275
17252,marginal,15528,0.3677907095507535
17252,usual,15592,0.9028036143325668
17252,certified,15609,0.9586490834424712
20583,marginal,18526,0.35602952450781994
20583,usual,18596,0.8975538961878886
20583,certified,18617,0.9609739148753008
24556,marginal,22102,0.3447651200558261
24556,usual,22178,0.8900528072332613
24556,certified,22203,0.9612291148721506
29297,marginal,26369,0.3306769883584488
29297,usual,26453,0.8862855125444111
29297,certified,26481,0.9606728785425667
34953,marginal,31459,0.312321906213762
34953,usual,31551,0.876887462732851
34953,certified,31585,0.9618242378403031
41700,marginal,37531,0.2941072341513342
41700,usual,37632,0.8676276623692362
41700,certified,37673,0.9633717487984522
49751,marginal,44777,0.2772774821882081
49751,usual,44887,0.8555174443422945
49751,certified,44936,0.9640342717343133
59355,marginal,53421,0.26068810296980266
59355,usual,53540,0.8398500713818335
59355,certified,53599,0.9647107916505241
70813,marginal,63733,0.24040711777882334
70813,usual,63864,0.8270319418401144
70813,certified,63934,0.9661211310446913
84484,marginal,76037,0.22053920868406304
84484,usual,76180,0.8094092379071617
84484,certified,76264,0.9675957150996235
100000,marginal,90001,0.19937887136143215
100000,usual,90157,0.7899823320608168
100000,certified,90256,0.9683889692371613
100794,marginal,90716,0.19961111435769985
100794,usual,90872,0.7883378500479908
100794,certified,90972,0.9684395312565729
120252,marginal,108228,0.17770625859534736
120252,usual,108399,0.7657924754098842
120252,certified,108518,0.969735206210577
143467,marginal,129122,0.1572150706785133
143467,usual,129308,0.7376333457590631
143467,certified,129451,0.9714696054875829
171163,marginal,154048,0.13486705867325025
171163,usual,154252,0.7070752157550555
171163,certified,154422,0.9727693961985271
204206,marginal,183787,0.11424772042052983
204206,usual,184009,0.669289373746206
204206,certified,184212,0.9740698209456414
243629,marginal,219267,0.0931916479455536
243629,usual,219510,0.6270675516453005
243629,certified,219753,0.9758359625180136
290661,marginal,261596,0.07460154596731222
290661,usual,261862,0.5817953175544572
290661,certified,262151,0.9774128002068035
346774,marginal,312098,0.05771513430796389
346774,usual,312388,0.5284270770220756
346774,certified,312733,0.9790414539318922
413719,marginal,372348,0.04245665912790538
413719,usual,372665,0.4696215563564611
413719,certified,373078,0.9809955115263109
493588,marginal,444231,0.03020436458352918
493588,usual,444577,0.4080772496115758
493588,certified,445069,0.9827004397360197
588875,marginal,529989,0.020019642322712833
588875,usual,530367,0.34168805019405485
588875,certified,530954,0.9843678678636306
702558,marginal,632304,0.01247182284590595
702558,usual,632717,0.27544221962128557
702558,certified,633417,0.9860870828109106
838187,marginal,754370,0.007135856728743535
838187,usual,754821,0.21040250059453244
838187,certified,755657,0.9878340773835697
1000000,marginal,900001,0.003686997724832542
1000000,usual,900494,0.15081067612401683
1000000,certified,901492,0.9894878439830239
