law,x,delta,mean_distance,delta_over_sqrt_x,delta_over_x
boundary,1e-07,6.027875830705298e-06,20.182327557583427,0.019061817077708276,60.27875830705298
kappa50,1e-07,2.828592327697166e-06,50.00000000064684,0.008944794327600423,28.28592327697166
boundary,3.162277660168379e-07,1.0719247477863902e-05,20.182327557583424,0.01906181708099703,33.897236833065264
kappa50,3.162277660168379e-07,5.03002749563386e-06,50.000000000646835,0.00894479432741534,15.906343579475656
boundary,1e-06,1.9061817081222898e-05,20.182327557583424,0.019061817081222898,19.061817081222898
kappa50,1e-06,8.944794286147584e-06,50.00000000064686,0.008944794286147584,8.944794286147584
boundary,3.162277660168379e-06,3.38972368334467e-05,20.182327557583392,0.01906181708121153,10.719247477984522
kappa50,3.162277660168379e-06,1.5906343519223043e-05,50.000000102822355,0.008944794293532806,5.030027476580311
boundary,1e-05,6.027875830660889e-05,20.18232755759898,0.019061817077567843,6.027875830660888
kappa50,1e-05,2.8285233417690847e-05,50.00068176445103,0.008944576174941186,2.8285233417690843
boundary,3.1622776601683795e-05,0.00010719227189959213,20.18233084907184,0.01906178100343385,3.389717267707749
kappa50,3.1622776601683795e-05,5.012706554818891e-05,50.09650714751285,0.008913992855001579,1.585156995528338
boundary,0.0001,0.00019026126221444173,20.185572441501286,0.019026126221444173,1.9026126221444173
kappa50,0.0001,8.456937790080055e-05,51.58368103685063,0.008456937790080055,0.8456937790080055
boundary,0.00031622776601683794,0.0003024192062988096,20.339782728152624,0.017006281723308612,0.956333500084578
gaussian,1.0004504962992449e-07,-0.0003668398421720065,1.28794338357813,-1.1597882270234443,-3666.74656596183
gaussian,3.1648116532942814e-07,-0.0006524581050558753,1.2879433835775536,-1.1597882270232323,-2061.601689240261
gaussian,1.001425635752127e-06,-0.0011606146503663206,1.287943383577766,-1.1597882270254105,-1158.9623921447085
gaussian,3.1703012738547535e-06,-0.002065042354047919,1.2879433835227296,-1.159788226877999,-651.3710135620784
gaussian,1.0045186979965241e-05,-0.003675849387109853,1.287943383577653,-1.1597882270230482,-365.93140520342735
gaussian,3.187755296127423e-05,-0.006548188667272248,1.2879433834938012,-1.159788226939383,-205.41691751644728
gaussian,0.00010143946968013498,-0.011681058016729917,1.2879433835776217,-1.1597882270253654,-115.15298782183433
gaussian,0.0003243908599545321,-0.02088877636811426,1.287943383577596,-1.159788227023138,-64.39384997173507
gaussian,0.0010466024766449607,-0.037520582748509,1.2879433835775993,-1.1597882270229911,-35.84988912771045
gaussian,0.003431590307436376,-0.0679401360434767,1.2879433835776004,-1.1597882270231836,-19.79844036050809
gaussian,0.01159206696155633,-0.124870294652774,1.2879433835779168,-1.1597882270256572,-10.772047389554515
centred,5.1241056726113616e-09,1.2300627183492452e-10,13969.824856081621,1.7183760737334611e-06,0.024005412786937647
centred,9.112091614213086e-09,2.187392489361173e-10,10475.890763961326,2.2914884776457085e-06,0.02400538297869248
centred,1.6203844905460546e-08,3.889792932199043e-10,7855.809820156584,3.0557473515144914e-06,0.02400537005194501
centred,2.8814963776291173e-08,6.917140193962723e-10,5891.026291969044,4.074905474787026e-06,0.024005375289258966
centred,5.1241056839566894e-08,1.2300607199478009e-09,4417.6465009946105,5.433973435488314e-06,0.02400537373378261
centred,9.11209165009016e-08,2.1873913791381483e-09,3312.7675268022294,7.246319129216002e-06,0.02400537070011258
centred,1.62038450189138e-07,3.8897920440206235e-09,2484.225180984446,9.663119344548992e-06,0.024005364402586524
centred,2.8814964135061877e-07,6.917137751472069e-09,1862.906072258448,1.2885977919865464e-05,0.024005366513905658
centred,5.124105797409946e-07,1.2300602980630515e-08,1396.982468596273,1.7183726717103894e-05,0.024005364968943527
centred,9.112092008860878e-07,2.1873909350489384e-08,1047.5890537104135,2.291486799742654e-05,0.024005364881323106
centred,1.6203846153446462e-06,3.8897922660652284e-08,785.5809517637659,3.055746710538858e-05,0.02400536409214113
centred,2.8814967722769273e-06,6.917137640449766e-08,589.1025888553581,4.074903691457801e-05,0.02400536313974046
centred,5.1241069319427126e-06,1.2300603735582172e-07,441.76459630314594,5.433971243534427e-05,0.024005361127228897
centred,9.112095596568869e-06,2.187391141550421e-07,331.2766809416871,7.246316772940716e-05,0.024005357695918775
centred,1.620385749877748e-05,3.889792974387518e-07,248.42242243357722,9.663117934624569e-05,0.024005351655807812
centred,2.8815003599868173e-05,6.917139825368679e-07,186.29047965471298,0.00012885972959066487,0.024005340833621568
centred,5.124118276807066e-05,1.2300144995869289e-06,139.69807674734,0.0001718306599636358,0.024004412723146077
centred,9.112130603003802e-05,2.1396149760821714e-06,104.75868351928001,0.00022414324813250407,0.02348095159409645
centred,0.00016203865985381152,6.50849221184302e-07,78.55804710267951,5.112944377453867e-05,0.004016629252374013
centred,0.00028812666986090057,-3.985422517271964e-05,58.9126108768989,-0.0023479164594007408,-0.13832188874414206
centred,0.0005121374940814967,-0.00026649474289985875,44.18824099820985,-0.011775933924014931,-0.5203578062133668
centred,0.0009094407059738026,-0.0009708604802493026,33.15986894677616,-0.032193606290671035,-1.06753576552276
centred,0.0016121361674324344,-0.002548421506503251,24.905722184525697,-0.06347027805004042,-1.5807731120889061
centred,0.0028501321078590654,-0.005457248101965129,18.731282105160012,-0.10222125371575787,-1.9147351404929969
centred,0.00501991068029255,-0.01021935680587649,14.114061488127248,-0.14423663032725245,-2.0357646692791205
