shape,design,rule,d_new,mean_cov,reliability,q05,reps
normal,baseline,noisy_threshold,mean,0.9838181341200307,1.0,0.964590443381134,2000
normal,baseline,noisy_threshold,D10,0.9838181341200307,1.0,0.9645904433811339,2000
normal,baseline,noisy_threshold,D90,0.9838181341200307,1.0,0.9645904433811339,2000
normal,baseline,corollary_2,mean,0.9823882451201646,1.0,0.9615339569613524,2000
normal,baseline,corollary_2,D10,0.9823882451201646,1.0,0.9615339569613524,2000
normal,baseline,corollary_2,D90,0.9823882451201646,1.0,0.9615339569613524,2000
normal,scale_up,noisy_threshold,mean,0.9757535605831806,1.0,0.9538959262301214,2000
normal,scale_up,noisy_threshold,D10,0.9999399254512421,1.0,0.9997343153612157,2000
normal,scale_up,noisy_threshold,D90,0.9288130603477313,0.8235,0.8683631488537615,2000
normal,scale_up,corollary_2,mean,0.974478351145548,1.0,0.9514869932926266,2000
normal,scale_up,corollary_2,D10,0.9999256610128392,1.0,0.9996720878666617,2000
normal,scale_up,corollary_2,D90,0.9252321216058048,0.7885,0.8624993863903817,2000
normal,scale_down,noisy_threshold,mean,0.9734142598868054,1.0,0.9540741117044846,2000
normal,scale_down,noisy_threshold,D10,0.92179781515904,0.7875,0.8700506094824023,2000
normal,scale_down,noisy_threshold,D90,0.999941559841066,1.0,0.9997503962425714,2000
normal,scale_down,corollary_2,mean,0.9719669447519446,1.0,0.951595725993163,2000
normal,scale_down,corollary_2,D10,0.917846124807572,0.7475,0.8641295884608238,2000
normal,scale_down,corollary_2,D90,0.9999267873926637,1.0,0.9996904161678289,2000
normal,shift_+0.2,noisy_threshold,mean,0.9820753433583234,1.0,0.9611977217427886,2000
normal,shift_+0.2,noisy_threshold,D10,0.9820753433583234,1.0,0.9611977217427888,2000
normal,shift_+0.2,noisy_threshold,D90,0.9820753433583234,1.0,0.9611977217427888,2000
normal,shift_+0.2,corollary_2,mean,0.9805441973639656,1.0,0.9582275278867856,2000
normal,shift_+0.2,corollary_2,D10,0.9805441973639656,1.0,0.9582275278867857,2000
normal,shift_+0.2,corollary_2,D90,0.9805441973639656,1.0,0.9582275278867857,2000
normal,shift_-0.2,noisy_threshold,mean,0.9814414481227015,1.0,0.9589190868942761,2000
normal,shift_-0.2,noisy_threshold,D10,0.9814414481227015,1.0,0.9589190868942757,2000
normal,shift_-0.2,noisy_threshold,D90,0.9814414481227015,1.0,0.9589190868942757,2000
normal,shift_-0.2,corollary_2,mean,0.9798679984580879,1.0,0.955865819747833,2000
normal,shift_-0.2,corollary_2,D10,0.9798679984580879,1.0,0.955865819747833,2000
normal,shift_-0.2,corollary_2,D90,0.9798679984580879,1.0,0.955865819747833,2000
normal,shift_+0.5,noisy_threshold,mean,0.9706158781136612,0.999,0.9415398953304907,2000
normal,shift_+0.5,noisy_threshold,D10,0.9706158781136612,0.999,0.941539895330491,2000
normal,shift_+0.5,noisy_threshold,D90,0.9706158781136612,0.999,0.941539895330491,2000
normal,shift_+0.5,corollary_2,mean,0.9684002068917672,0.9975,0.9373297970114478,2000
normal,shift_+0.5,corollary_2,D10,0.9684002068917672,0.9975,0.9373297970114475,2000
normal,shift_+0.5,corollary_2,D90,0.9684002068917672,0.9975,0.9373297970114475,2000
normal,shift_-0.5,noisy_threshold,mean,0.9706030945756984,0.9995,0.9401431330251531,2000
normal,shift_-0.5,noisy_threshold,D10,0.9706030945756984,0.9995,0.9401431330251528,2000
normal,shift_-0.5,noisy_threshold,D90,0.9706030945756984,0.9995,0.9401431330251528,2000
normal,shift_-0.5,corollary_2,mean,0.9683795299970532,0.9975,0.9358395299237312,2000
normal,shift_-0.5,corollary_2,D10,0.9683795299970532,0.9975,0.9358395299237315,2000
normal,shift_-0.5,corollary_2,D90,0.9683795299970532,0.9975,0.9358395299237315,2000
gamma2_skew,baseline,noisy_threshold,mean,0.9722800190374538,1.0,0.954864739885602,2000
gamma2_skew,baseline,noisy_threshold,D10,0.9722800190374538,1.0,0.9548647398856018,2000
gamma2_skew,baseline,noisy_threshold,D90,0.9722800190374538,1.0,0.9548647398856018,2000
gamma2_skew,baseline,corollary_2,mean,0.9712086607706285,1.0,0.9531660382153465,2000
gamma2_skew,baseline,corollary_2,D10,0.9712086607706285,1.0,0.9531660382153463,2000
gamma2_skew,baseline,corollary_2,D90,0.9712086607706285,1.0,0.9531660382153463,2000
gamma2_skew,scale_up,noisy_threshold,mean,0.9733167932924164,1.0,0.9551281009504236,2000
gamma2_skew,scale_up,noisy_threshold,D10,0.9970048600131952,1.0,0.9928187018817879,2000
gamma2_skew,scale_up,noisy_threshold,D90,0.9415209619639583,0.9875,0.9137394156476759,2000
gamma2_skew,scale_up,corollary_2,mean,0.9723315189964612,1.0,0.9535269324380746,2000
gamma2_skew,scale_up,corollary_2,D10,0.9967894835078769,1.0,0.9923727764147432,2000
gamma2_skew,scale_up,corollary_2,D90,0.9398712864070953,0.9845,0.9117458856516433,2000
gamma2_skew,scale_down,noisy_threshold,mean,0.9701334414109216,1.0,0.9535576716321589,2000
gamma2_skew,scale_down,noisy_threshold,D10,0.9364494280744896,0.99,0.9119450137708374,2000
gamma2_skew,scale_down,noisy_threshold,D90,0.996437713966262,1.0,0.9924180749160457,2000
gamma2_skew,scale_down,corollary_2,mean,0.9690202773130988,1.0,0.9516232375105274,2000
gamma2_skew,scale_down,corollary_2,D10,0.934666616507526,0.9855,0.9095695021747346,2000
gamma2_skew,scale_down,corollary_2,D90,0.9961800655209062,1.0,0.991866674371978,2000
gamma2_skew,shift_+0.2,noisy_threshold,mean,0.9651072525477234,1.0,0.9446664147201659,2000
gamma2_skew,shift_+0.2,noisy_threshold,D10,0.9651072525477233,1.0,0.9446664147201655,2000
gamma2_skew,shift_+0.2,noisy_threshold,D90,0.9651072525477233,1.0,0.9446664147201655,2000
gamma2_skew,shift_+0.2,corollary_2,mean,0.9637679141707217,1.0,0.9425164255924527,2000
gamma2_skew,shift_+0.2,corollary_2,D10,0.9637679141707217,1.0,0.9425164255924531,2000
gamma2_skew,shift_+0.2,corollary_2,D90,0.9637679141707217,1.0,0.9425164255924531,2000
gamma2_skew,shift_-0.2,noisy_threshold,mean,0.9782220160431812,1.0,0.964901384440354,2000
gamma2_skew,shift_-0.2,noisy_threshold,D10,0.9782220160431812,1.0,0.9649013844403539,2000
gamma2_skew,shift_-0.2,noisy_threshold,D90,0.9782220160431812,1.0,0.9649013844403539,2000
gamma2_skew,shift_-0.2,corollary_2,mean,0.9773756590958294,1.0,0.9635845971266127,2000
gamma2_skew,shift_-0.2,corollary_2,D10,0.9773756590958294,1.0,0.9635845971266129,2000
gamma2_skew,shift_-0.2,corollary_2,D90,0.9773756590958294,1.0,0.9635845971266129,2000
gamma2_skew,shift_+0.5,noisy_threshold,mean,0.9500589115074022,0.998,0.9203867203049764,2000
gamma2_skew,shift_+0.5,noisy_threshold,D10,0.9500589115074022,0.998,0.920386720304976,2000
gamma2_skew,shift_+0.5,noisy_threshold,D90,0.9500589115074022,0.998,0.920386720304976,2000
gamma2_skew,shift_+0.5,corollary_2,mean,0.9481744627245482,0.9935,0.917424324674831,2000
gamma2_skew,shift_+0.5,corollary_2,D10,0.9481744627245482,0.9935,0.9174243246748311,2000
gamma2_skew,shift_+0.5,corollary_2,D90,0.9481744627245482,0.9935,0.9174243246748311,2000
gamma2_skew,shift_-0.5,noisy_threshold,mean,0.984733542343838,0.9995,0.9752373357078331,2000
gamma2_skew,shift_-0.5,noisy_threshold,D10,0.984733542343838,0.9995,0.9752373357078334,2000
gamma2_skew,shift_-0.5,noisy_threshold,D90,0.984733542343838,0.9995,0.9752373357078334,2000
gamma2_skew,shift_-0.5,corollary_2,mean,0.984088689446731,0.9995,0.9742067468131644,2000
gamma2_skew,shift_-0.5,corollary_2,D10,0.9840886894467309,0.9995,0.9742067468131644,2000
gamma2_skew,shift_-0.5,corollary_2,D90,0.9840886894467309,0.9995,0.9742067468131644,2000
trunc_exp,baseline,noisy_threshold,mean,0.9690182361948744,1.0,0.9475257351552246,2000
trunc_exp,baseline,noisy_threshold,D10,0.9690182361948744,1.0,0.9475257351552242,2000
trunc_exp,baseline,noisy_threshold,D90,0.9690182361948744,1.0,0.9475257351552242,2000
trunc_exp,baseline,corollary_2,mean,0.9676729172924752,1.0,0.9455307933108501,2000
trunc_exp,baseline,corollary_2,D10,0.9676729172924752,1.0,0.9455307933108503,2000
trunc_exp,baseline,corollary_2,D90,0.9676729172924752,1.0,0.9455307933108503,2000
trunc_exp,scale_up,noisy_threshold,mean,0.9722338199761057,1.0,0.9519829083553998,2000
trunc_exp,scale_up,noisy_threshold,D10,0.9997144742617368,1.0,0.9984352555906034,2000
trunc_exp,scale_up,noisy_threshold,D90,0.9320387280211255,0.9565,0.9015624493835154,2000
trunc_exp,scale_up,corollary_2,mean,0.9711741324093169,1.0,0.9500828893882539,2000
trunc_exp,scale_up,corollary_2,D10,0.9996320967967774,1.0,0.997458350715364,2000
trunc_exp,scale_up,corollary_2,D90,0.9303550902475228,0.9435,0.8992560368228496,2000
trunc_exp,scale_down,noisy_threshold,mean,0.9684635878099209,1.0,0.949158497433742,2000
trunc_exp,scale_down,noisy_threshold,D10,0.9266138023353088,0.942,0.8988008298120113,2000
trunc_exp,scale_down,noisy_threshold,D90,0.9996359149174634,1.0,0.9972623416835049,2000
trunc_exp,scale_down,corollary_2,mean,0.9672736916923145,1.0,0.9470934713140403,2000
trunc_exp,scale_down,corollary_2,D10,0.9248286236045256,0.9275,0.8963577850522938,2000
trunc_exp,scale_down,corollary_2,D90,0.9995181992457185,1.0,0.9961922436546614,2000
trunc_exp,shift_+0.2,noisy_threshold,mean,0.9764305955941209,1.0,0.9591563415191591,2000
trunc_exp,shift_+0.2,noisy_threshold,D10,0.9764305955941208,1.0,0.9591563415191591,2000
trunc_exp,shift_+0.2,noisy_threshold,D90,0.9764305955941208,1.0,0.9591563415191591,2000
trunc_exp,shift_+0.2,corollary_2,mean,0.9753021128861608,1.0,0.9575958609727395,2000
trunc_exp,shift_+0.2,corollary_2,D10,0.9753021128861608,1.0,0.9575958609727399,2000
trunc_exp,shift_+0.2,corollary_2,D90,0.9753021128861608,1.0,0.9575958609727399,2000
trunc_exp,shift_-0.2,noisy_threshold,mean,0.9594722445795766,1.0,0.9345386928485842,2000
trunc_exp,shift_-0.2,noisy_threshold,D10,0.9594722445795766,1.0,0.9345386928485839,2000
trunc_exp,shift_-0.2,noisy_threshold,D90,0.9594722445795766,1.0,0.9345386928485839,2000
trunc_exp,shift_-0.2,corollary_2,mean,0.9578823662607955,1.0,0.9320630264491625,2000
trunc_exp,shift_-0.2,corollary_2,D10,0.9578823662607955,1.0,0.9320630264491627,2000
trunc_exp,shift_-0.2,corollary_2,D90,0.9578823662607955,1.0,0.9320630264491627,2000
trunc_exp,shift_+0.5,noisy_threshold,mean,0.9856919117544516,1.0,0.9711229918126328,2000
trunc_exp,shift_+0.5,noisy_threshold,D10,0.9856919117544516,1.0,0.9711229918126326,2000
trunc_exp,shift_+0.5,noisy_threshold,D90,0.9856919117544516,1.0,0.9711229918126326,2000
trunc_exp,shift_+0.5,corollary_2,mean,0.9848168398740527,1.0,0.9699279403943757,2000
trunc_exp,shift_+0.5,corollary_2,D10,0.9848168398740527,1.0,0.9699279403943759,2000
trunc_exp,shift_+0.5,corollary_2,D90,0.9848168398740527,1.0,0.9699279403943759,2000
trunc_exp,shift_-0.5,noisy_threshold,mean,0.9430885546122787,0.9825,0.9108391740069929,2000
trunc_exp,shift_-0.5,noisy_threshold,D10,0.9430885546122787,0.9825,0.9108391740069928,2000
trunc_exp,shift_-0.5,noisy_threshold,D90,0.9430885546122787,0.9825,0.9108391740069928,2000
trunc_exp,shift_-0.5,corollary_2,mean,0.9410482667879059,0.9775,0.9080237030447253,2000
trunc_exp,shift_-0.5,corollary_2,D10,0.9410482667879058,0.9775,0.9080237030447251,2000
trunc_exp,shift_-0.5,corollary_2,D90,0.9410482667879058,0.9775,0.9080237030447251,2000
