shape,method,reps,pr_cov_ge_90,width
bimodal_blc,SF_k106,150,1.0,5.948888287135128
bimodal_blc,SF_k107,150,1.0,5.76725660255774
bimodal_blc,SF_k108,150,1.0,5.69691918482201
bimodal_blc,SF_k109,150,1.0,5.791860056184728
bimodal_blc,SF_k110,150,1.0,6.228343970895486
gamma2_skew,SF_k106,150,1.0,6.15587744429885
gamma2_skew,SF_k107,150,1.0,6.155001049002627
gamma2_skew,SF_k108,150,1.0,6.341714782315285
gamma2_skew,SF_k109,150,1.0,6.748141280162765
gamma2_skew,SF_k110,150,1.0,7.9371170379694345
laplace,SF_k106,150,1.0,6.39829935105084
laplace,SF_k107,150,1.0,6.288832907519383
laplace,SF_k108,150,1.0,6.39022874592119
laplace,SF_k109,150,1.0,6.6464684403717875
laplace,SF_k110,150,1.0,7.575980815506221
normal,SF_k106,150,1.0,6.1077722209300696
normal,SF_k107,150,1.0,5.921838829162381
normal,SF_k108,150,1.0,5.8350647720383595
normal,SF_k109,150,1.0,5.844126056732574
normal,SF_k110,150,1.0,6.40422483323069
t3_not_LC,SF_k106,150,1.0,5.789175145288509
t3_not_LC,SF_k107,150,1.0,5.69544447735479
t3_not_LC,SF_k108,150,1.0,5.948144177046823
t3_not_LC,SF_k109,150,1.0,6.495082843819621
t3_not_LC,SF_k110,150,1.0,9.547981498447507
trunc_exp,SF_k106,150,1.0,6.27843087026064
trunc_exp,SF_k107,150,1.0,6.169938032200126
trunc_exp,SF_k108,150,1.0,6.211949905661287
trunc_exp,SF_k109,150,1.0,6.47649547530847
trunc_exp,SF_k110,150,1.0,6.871821738536122
trunc_laplace,SF_k106,150,1.0,6.032374287904027
trunc_laplace,SF_k107,150,1.0,5.8898078108008045
trunc_laplace,SF_k108,150,1.0,5.860560613438973
trunc_laplace,SF_k109,150,1.0,5.915305082380188
trunc_laplace,SF_k110,150,1.0,6.271934044049604
