design,K,rule,rank,pop_latent_at_noisy_q,mean_latent,se_mean,reliability,se_rel,noisy_reliability,reps
homogeneous,110,marginal,100,0.8991814683614282,0.900414256817699,0.00020659747568886865,0.5312,0.0035286439321643094,0.54295,20000
homogeneous,110,usual_PAC,105,0.8991814683614282,0.9502810562835835,0.00018252230617644884,0.96555,0.0012896355589855604,0.96725,20000
homogeneous,110,certified,105,0.8991814683614282,0.9502810562835835,0.00018252230617644884,0.96555,0.0012896355589855604,0.96725,20000
homogeneous,1000,marginal,901,0.8991814683614282,0.899309440557059,6.857883375955396e-05,0.4824,0.003533342893068829,0.51695,20000
homogeneous,1000,usual_PAC,916,0.8991814683614282,0.9148303770055655,6.540761938479007e-05,0.94315,0.0016373465958678382,0.95245,20000
homogeneous,1000,certified,917,0.8991814683614282,0.9158816877126829,6.521659618205679e-05,0.9544,0.001475137959649876,0.9621,20000
homogeneous,10000,marginal,9001,0.8991814683614282,0.8991814845556555,3.046838282891021e-05,0.3952,0.004888936080580314,0.5006,10000
homogeneous,10000,usual_PAC,9050,0.8991814683614282,0.9041913530370108,2.9927593015405858e-05,0.9216,0.0026880000000000003,0.954,10000
homogeneous,10000,certified,9060,0.8991814683614282,0.9052219098380508,2.981662528558893e-05,0.9612,0.0019311799501858947,0.9788,10000
heterogeneous,110,marginal,100,0.8995922971377837,0.9009781684003954,0.00020735418769915332,0.5418,0.0035231573907505186,0.54715,20000
heterogeneous,110,usual_PAC,105,0.8995922971377837,0.9503058911442984,0.0001772024359116264,0.9668,0.0012668417422866997,0.9675,20000
heterogeneous,110,certified,105,0.8995922971377837,0.9503058911442984,0.0001772024359116264,0.9668,0.0012668417422866997,0.9675,20000
heterogeneous,1000,marginal,901,0.8995922971377837,0.8998063950350704,6.895772440951506e-05,0.50005,0.003535533888255068,0.5165,20000
heterogeneous,1000,usual_PAC,916,0.8995922971377837,0.9153258929375552,6.541701098643844e-05,0.94825,0.0015663961424237478,0.9532,20000
heterogeneous,1000,certified,917,0.8995922971377837,0.9163813893015351,6.525692794363342e-05,0.95955,0.0013930864563981662,0.96295,20000
heterogeneous,10000,marginal,9001,0.8995922971377837,0.899636862500638,3.086815172651475e-05,0.4591,0.004983243823053414,0.5085,10000
heterogeneous,10000,usual_PAC,9050,0.8995922971377837,0.9046717967396009,3.0386038615777094e-05,0.9356,0.0024546413179933235,0.9509,10000
heterogeneous,10000,certified,9060,0.8995922971377837,0.9057058951439764,3.0226331848282406e-05,0.9678,0.001765309038100695,0.976,10000
